{
  "PathSave"              : "save\\",
  "NBRandomExpressions"   : 0,
  "Camera"                : {
      "h"    : 550,
      "scale": 100,
      "w"    : 450,
      "x"    : 0,
      "y"    : 0
    },
  "AutoSaveFile"          : 0,
  "UseBG"                 : 1,
  "ShowCameraBorder"      : 1,
  "Lang"                  : "eng",
  "AutoSaveImage"         : 0,
  "showdebuginfos"        : 1,
  "ShowCenter"            : 0,
  "Zoom"                  : 80,
  "Action"                : 2,
  "TechnicForColoring"    : 1,
  "ShowRenderingBorder"   : 0,
  "SetTemplate"           : 0,
  "CanvasCenterShowLine"  : 0,
  "ShowBBox"              : 1,
  "UseClipping"           : 0,
  "FolderProject"         : "data\\projects\\cartoonhuman\\",
  "NewLang"               : "eng",
  "PanelR"                : 0,
  "PathOpen"              : "save\\",
  "PanelW"                : 250,
  "viewx"                 : 104,
  "viewy"                 : 24,
  "PathExport"            : "save\\",
  "CanvasCenterShowCenter": 0
}